<?xml version="1.0"?>
<hooks>
	<post script_path="lua/_custom/biglobby_globals.lua" hook_id="core/lib/managers/coresequencemanager"/>
	<post script_path="lua/_custom/biglobby_globals.lua" hook_id="core/lib/managers/viewport/environment/coreenvironmentmanager"/>
	<post script_path="lua/_custom/biglobby_globals.lua" hook_id="core/lib/managers/viewport/corescriptviewport"/>
	<post script_path="lua/_custom/biglobby_globals.lua" hook_id="core/lib/utils/dev/freeflight/corefreeflightmodifier"/>
	<post script_path="lua/_custom/biglobby_globals.lua" hook_id="core/lib/utils/dev/freeflight/corefreeflight"/>
	<post script_path="lua/_custom/biglobby_globals.lua" hook_id="core/lib/setups/coresetup"/>
	<post script_path="lua/_custom/biglobby_globals.lua" hook_id="lib/managers/menu/menuscenemanager"/>
	<post script_path="lua/_custom/biglobby_globals.lua" hook_id="lib/managers/menu/menuinput"/>
	<post script_path="lua/_custom/biglobby_globals.lua" hook_id="lib/setups/gamesetup"/>

	<post script_path="lua/lib/managers/_achievementmanager.lua" hook_id="lib/managers/achievmentmanager"/>
	<post script_path="lua/lib/managers/_criminalsmanager.lua" hook_id="lib/managers/criminalsmanager"/>
	<post script_path="lua/lib/managers/_hudmanager.lua" hook_id="lib/managers/hudmanager"/>
	<post script_path="lua/lib/managers/_hudmanagerpd2.lua" hook_id="lib/managers/hudmanagerpd2"/>
	<post script_path="lua/lib/managers/_vehiclemanager.lua" hook_id="lib/managers/vehiclemanager"/>
	
	<post script_path="lua/lib/managers/hud/_hudlootscreen.lua" hook_id="lib/managers/hud/hudlootscreen"/>
	<post script_path="lua/lib/managers/hud/_hudmissionbriefing.lua" hook_id="lib/managers/hud/hudmissionbriefing"/>
	<post script_path="lua/lib/managers/hud/_hudteammate.lua" hook_id="lib/managers/hud/hudteammate"/>
	
	<post script_path="lua/lib/managers/group_ai_states/_groupaistatebase.lua" hook_id="lib/managers/group_ai_states/groupaistatebase"/>
	
	<post script_path="lua/lib/managers/menu/_contractboxgui.lua" hook_id="lib/managers/menu/contractboxgui"/>
	<post script_path="lua/lib/managers/menu/_crewmanagementgui.lua" hook_id="lib/managers/menu/crewmanagementgui"/>
	<post script_path="lua/lib/managers/menu/_menucomponentmanager.lua" hook_id="lib/managers/menu/menucomponentmanager"/>
	<post script_path="lua/lib/managers/menu/_menulobbyrenderer.lua" hook_id="lib/managers/menu/menulobbyrenderer"/>
	<post script_path="lua/lib/managers/menu/_menuscenemanager.lua" hook_id="lib/managers/menu/menuscenemanager"/>
	<post script_path="lua/lib/managers/menu/_missionbriefinggui.lua" hook_id="lib/managers/menu/missionbriefinggui"/>
	<post script_path="lua/lib/managers/menu/_crimespreemissionsmenucomponent.lua" hook_id="lib/managers/menu/crimespreemissionsmenucomponent"/>
	
	<post script_path="lua/lib/managers/mission/_elementfilter.lua" hook_id="lib/managers/mission/elementfilter"/>
	<post script_path="lua/lib/managers/mission/_elementareatrigger.lua" hook_id="lib/managers/mission/elementareatrigger"/>
	
	<post script_path="lua/lib/network/base/handlers/_connectionnetworkhandler.lua" hook_id="lib/network/base/handlers/connectionnetworkhandler"/>
	<post script_path="lua/lib/network/base/session_states/_hoststateinlobby.lua" hook_id="lib/network/base/session_states/hoststateinlobby"/>
	<post script_path="lua/lib/network/base/session_states/_hoststateingame.lua" hook_id="lib/network/base/session_states/hoststateingame"/>
	<post script_path="lua/lib/network/base/_basenetworksession.lua" hook_id="lib/network/base/basenetworksession"/>
	<post script_path="lua/lib/network/base/_clientnetworksession.lua" hook_id="lib/network/base/clientnetworksession"/>
	<post script_path="lua/lib/network/base/_hostnetworksession.lua" hook_id="lib/network/base/hostnetworksession"/>
	<post script_path="lua/lib/network/base/_networkmanager.lua" hook_id="lib/network/base/networkmanager"/>
	<post script_path="lua/lib/network/base/_networkpeer.lua" hook_id="lib/network/base/networkpeer"/>
	<post script_path="lua/lib/network/handlers/_unitnetworkhandler.lua" hook_id="lib/network/handlers/unitnetworkhandler"/>

	<!-- Matchmaking -->
	<post script_path="lua/lib/network/matchmaking/_networkmatchmakingsteam.lua" hook_id="lib/network/matchmaking/networkmatchmakingsteam"/>
	<post script_path="lua/lib/network/matchmaking/_networkmatchmakingepic.lua" hook_id="lib/network/matchmaking/networkmatchmakingepic"/>
	
	<post script_path="lua/lib/tweak_data/_moneytweakdata.lua" hook_id="lib/tweak_data/moneytweakdata"/>
	<post script_path="lua/lib/tweak_data/_tweakdata.lua" hook_id="lib/tweak_data/tweakdata"/>
</hooks>